{
  "$schema": "http://json-schema.org/draft-07/schema#",
  "title": "Comprobante de Liquidación Electrónica v1",
  "type": "object",
  "properties": {
    "identificacion": {
      "description": "Identificación",
      "type": "object",
      "properties": {
        "version": {
          "type": "integer",
          "description": "Versión",
          "const": 1
        },
        "ambiente": {
          "type": "string",
          "description": "Ambiente de destino",
          "enum": [
            "00",
            "01"
          ]
        },
        "tipoDte": {
          "type": "string",
          "description": "Tipo de Documento",
          "const": "08"
        },
        "numeroControl": {
          "type": "string",
          "description": "Número de Control",
          "maxLength": 31,
          "minLength": 31,
          "pattern": "^DTE-08-[A-Z0-9]{8}-[0-9]{15}$"
        },
        "codigoGeneracion": {
          "type": "string",
          "description": "Código de Generación",
          "maxLength": 36,
          "minLength": 36,
          "pattern": "^[A-F0-9]{8}-[A-F0-9]{4}-[A-F0-9]{4}-[A-F0-9]{4}-[A-F0-9]{12}$"
        },
        "tipoModelo": {
          "type": "number",
          "description": "Modelo de Facturación",
          "const": 1
        },
        "tipoOperacion": {
          "type": "integer",
          "description": "Tipo de Transmisión",
          "const": 1
        },
        "fecEmi": {
          "type": "string",
          "description": "Fecha de Generación",
          "format": "date"
        },
        "horEmi": {
          "type": "string",
          "description": "Hora de Generación",
          "pattern": "^(0[0-9]|1[0-9]|2[0-3]):[0-5][0-9]:[0-5][0-9]?$"
        },
        "tipoMoneda": {
          "type": "string",
          "description": "Tipo de Moneda",
          "enum": [
            "USD"
          ]
        }
      },
      "additionalProperties": false,
      "required": [
        "version",
        "ambiente",
        "tipoDte",
        "numeroControl",
        "codigoGeneracion",
        "tipoModelo",
        "tipoOperacion",
        "fecEmi",
        "horEmi",
        "tipoMoneda"
      ]
    },
    "emisor": {
      "type": "object",
      "description": "Emisor",
      "properties": {
        "nit": {
          "description": "NIT (Emisor)",
          "type": "string",
          "pattern": "^([0-9]{14}|[0-9]{9})$",
          "maxLength": 14
        },
        "nrc": {
          "description": "NRC (Emisor)",
          "type": "string",
          "pattern": "^[0-9]{1,8}$",
          "minLength": 2,
          "maxLength": 8
        },
        "nombre": {
          "type": "string",
          "description": "Nombre, denominación o razón social del contribuyente (Emisor)",
          "maxLength": 250,
          "minLength": 1
        },
        "codActividad": {
          "type": "string",
          "description": "Código de Actividad Económica (Emisor)",
          "pattern": "^[0-9]{2,6}$",
          "maxLength": 6,
          "minLength": 5
        },
        "descActividad": {
          "type": "string",
          "description": "Actividad Económica (Emisor)",
          "maxLength": 150,
          "minLength": 5
        },
        "nombreComercial": {
          "description": "Nombre Comercial (Emisor)",
          "type": [
            "string",
            "null"
          ],
          "maxLength": 150
        },
        "tipoEstablecimiento": {
          "type": "string",
          "description": "Tipo de establecimiento (Emisor)",
          "enum": [
            "01",
            "02",
            "04",
            "07",
            "20"
          ]
        },
        "direccion": {
          "type": "object",
          "description": "Dirección (Emisor)",
          "properties": {
            "departamento": {
              "type": "string",
              "description": "Dirección Departamento (Emisor)",
              "pattern": "^0[1-9]|1[0-4]$"
            },
            "municipio": {
              "type": "string",
              "description": "Dirección Municipio (Emisor)",
              "pattern": "^[0-9]{2}$"
            },
            "complemento": {
              "type": "string",
              "description": "Dirección complemento (Emisor)",
              "maxLength": 200,
              "minLength": 1
            }
          },
          "allOf": [
            {
              "if": {
                "properties": {
                  "departamento": {
                    "const": "01"
                  }
                }
              },
              "then": {
                "properties": {
                  "municipio": {
                    "pattern": "^0[1-9]|1[0-2]$"
                  }
                }
              }
            },
            {
              "if": {
                "properties": {
                  "departamento": {
                    "enum": [
                      "02",
                      "10"
                    ]
                  }
                }
              },
              "then": {
                "properties": {
                  "municipio": {
                    "pattern": "^0[1-9]|1[0-3]$"
                  }
                }
              }
            },
            {
              "if": {
                "properties": {
                  "departamento": {
                    "enum": [
                      "03",
                      "07"
                    ]
                  }
                }
              },
              "then": {
                "properties": {
                  "municipio": {
                    "pattern": "^0[1-9]|1[0-6]$"
                  }
                }
              }
            },
            {
              "if": {
                "properties": {
                  "departamento": {
                    "const": "04"
                  }
                }
              },
              "then": {
                "properties": {
                  "municipio": {
                    "pattern": "^0[1-9]|[12][0-9]|3[0-3]$"
                  }
                }
              }
            },
            {
              "if": {
                "properties": {
                  "departamento": {
                    "enum": [
                      "05",
                      "08"
                    ]
                  }
                }
              },
              "then": {
                "properties": {
                  "municipio": {
                    "pattern": "^0[1-9]|1[0-9]|2[0-2]$"
                  }
                }
              }
            },
            {
              "if": {
                "properties": {
                  "departamento": {
                    "const": "06"
                  }
                }
              },
              "then": {
                "properties": {
                  "municipio": {
                    "pattern": "^0[1-9]|1[0-9]$"
                  }
                }
              }
            },
            {
              "if": {
                "properties": {
                  "departamento": {
                    "const": "09"
                  }
                }
              },
              "then": {
                "properties": {
                  "municipio": {
                    "pattern": "^0[1-9]$"
                  }
                }
              }
            },
            {
              "if": {
                "properties": {
                  "departamento": {
                    "const": "11"
                  }
                }
              },
              "then": {
                "properties": {
                  "municipio": {
                    "pattern": "^0[1-9]|1[0-9]|2[0-3]$"
                  }
                }
              }
            },
            {
              "if": {
                "properties": {
                  "departamento": {
                    "const": "12"
                  }
                }
              },
              "then": {
                "properties": {
                  "municipio": {
                    "pattern": "^0[1-9]|1[0-9]|20$"
                  }
                }
              }
            },
            {
              "if": {
                "properties": {
                  "departamento": {
                    "const": "13"
                  }
                }
              },
              "then": {
                "properties": {
                  "municipio": {
                    "pattern": "^0[1-9]|1[0-9]|2[0-6]$"
                  }
                }
              }
            },
            {
              "if": {
                "properties": {
                  "departamento": {
                    "const": "14"
                  }
                }
              },
              "then": {
                "properties": {
                  "municipio": {
                    "pattern": "^0[1-9]|1[0-8]$"
                  }
                }
              }
            }
          ],
          "additionalProperties": false,
          "required": [
            "departamento",
            "municipio",
            "complemento"
          ]
        },
        "telefono": {
          "type": "string",
          "description": "Teléfono (Emisor)",
          "minLength": 8,
          "maxLength": 30
        },
        "correo": {
          "type": "string",
          "description": "Correo electrónico (Emisor)",
          "format": "email",
          "maxLength": 100,
          "minLength": 3
        },
        "codEstableMH": {
          "description": "Código del establecimiento asignado por el MH",
          "type": [
            "string",
            "null"
          ],
          "maxLength": 4,
          "minLength": 4
        },
        "codEstable": {
          "description": "Código del establecimiento asignado por el contribuyente",
          "type": [
            "string",
            "null"
          ],
          "minLength": 4,
          "maxLength": 4
        },
        "codPuntoVentaMH": {
          "description": "Código del Punto de Venta (Emisor) Asignado por el MH",
          "type": [
            "string",
            "null"
          ],
          "maxLength": 4,
          "minLength": 4
        },
        "codPuntoVenta": {
          "description": "Código del Punto de Venta (Emisor) asignado por el contribuyente",
          "type": [
            "string",
            "null"
          ],
          "maxLength": 15,
          "minLength": 1
        }
      },
      "additionalProperties": false,
      "required": [
        "nit",
        "nrc",
        "nombre",
        "codActividad",
        "descActividad",
        "nombreComercial",
        "tipoEstablecimiento",
        "direccion",
        "telefono",
        "correo",
        "codEstableMH",
        "codEstable",
        "codPuntoVentaMH",
        "codPuntoVenta"
      ]
    },
    "receptor": {
      "type": "object",
      "description": "Receptor",
      "properties": {
        "nit": {
          "type": "string",
          "description": "NIT (Receptor)",
          "pattern": "^([0-9]{14}|[0-9]{9})$"
        },
        "nrc": {
          "type": "string",
          "description": "NRC (Receptor)",
          "pattern": "^[0-9]{1,8}$",
          "minLength": 2,
          "maxLength": 8
        },
        "nombre": {
          "type": "string",
          "description": "Nombre, denominación o razón social del contribuyente (Receptor)",
          "maxLength": 250,
          "minLength": 1
        },
        "codActividad": {
          "type": "string",
          "description": "Código de Actividad Económica (Receptor)",
          "pattern": "^[0-9]{2,6}$",
          "maxLength": 6,
          "minLength": 5
        },
        "descActividad": {
          "type": "string",
          "description": "Actividad Económica (Receptor)",
          "maxLength": 150,
          "minLength": 5
        },
        "nombreComercial": {
          "description": "Nombre Comercial (Receptor)",
          "type": [
            "string",
            "null"
          ],
          "maxLength": 150,
          "minLength": 5
        },
        "direccion": {
          "type": "object",
          "description": "Dirección (Receptor)",
          "properties": {
            "departamento": {
              "type": "string",
              "description": "Dirección: Departamento (Receptor)",
              "pattern": "^0[1-9]|1[0-4]$"
            },
            "municipio": {
              "type": "string",
              "description": "Dirección: Municipio (Receptor)",
              "pattern": "^[0-9]{2}$"
            },
            "complemento": {
              "type": "string",
              "description": "Dirección: complemento (Receptor)",
              "maxLength": 200,
              "minLength": 5
            }
          },
          "allOf": [
            {
              "if": {
                "properties": {
                  "departamento": {
                    "const": "01"
                  }
                }
              },
              "then": {
                "properties": {
                  "municipio": {
                    "pattern": "^0[1-9]|1[0-2]$"
                  }
                }
              }
            },
            {
              "if": {
                "properties": {
                  "departamento": {
                    "enum": [
                      "02",
                      "10"
                    ]
                  }
                }
              },
              "then": {
                "properties": {
                  "municipio": {
                    "pattern": "^0[1-9]|1[0-3]$"
                  }
                }
              }
            },
            {
              "if": {
                "properties": {
                  "departamento": {
                    "enum": [
                      "03",
                      "07"
                    ]
                  }
                }
              },
              "then": {
                "properties": {
                  "municipio": {
                    "pattern": "^0[1-9]|1[0-6]$"
                  }
                }
              }
            },
            {
              "if": {
                "properties": {
                  "departamento": {
                    "const": "04"
                  }
                }
              },
              "then": {
                "properties": {
                  "municipio": {
                    "pattern": "^0[1-9]|[12][0-9]|3[0-3]$"
                  }
                }
              }
            },
            {
              "if": {
                "properties": {
                  "departamento": {
                    "enum": [
                      "05",
                      "08"
                    ]
                  }
                }
              },
              "then": {
                "properties": {
                  "municipio": {
                    "pattern": "^0[1-9]|1[0-9]|2[0-2]$"
                  }
                }
              }
            },
            {
              "if": {
                "properties": {
                  "departamento": {
                    "const": "06"
                  }
                }
              },
              "then": {
                "properties": {
                  "municipio": {
                    "pattern": "^0[1-9]|1[0-9]$"
                  }
                }
              }
            },
            {
              "if": {
                "properties": {
                  "departamento": {
                    "const": "09"
                  }
                }
              },
              "then": {
                "properties": {
                  "municipio": {
                    "pattern": "^0[1-9]$"
                  }
                }
              }
            },
            {
              "if": {
                "properties": {
                  "departamento": {
                    "const": "11"
                  }
                }
              },
              "then": {
                "properties": {
                  "municipio": {
                    "pattern": "^0[1-9]|1[0-9]|2[0-3]$"
                  }
                }
              }
            },
            {
              "if": {
                "properties": {
                  "departamento": {
                    "const": "12"
                  }
                }
              },
              "then": {
                "properties": {
                  "municipio": {
                    "pattern": "^0[1-9]|1[0-9]|20$"
                  }
                }
              }
            },
            {
              "if": {
                "properties": {
                  "departamento": {
                    "const": "13"
                  }
                }
              },
              "then": {
                "properties": {
                  "municipio": {
                    "pattern": "^0[1-9]|1[0-9]|2[0-6]$"
                  }
                }
              }
            },
            {
              "if": {
                "properties": {
                  "departamento": {
                    "const": "14"
                  }
                }
              },
              "then": {
                "properties": {
                  "municipio": {
                    "pattern": "^0[1-9]|1[0-8]$"
                  }
                }
              }
            }
          ],
          "additionalProperties": false,
          "required": [
            "departamento",
            "municipio",
            "complemento"
          ]
        },
        "telefono": {
          "type": [
            "string",
            "null"
          ],
          "description": "Teléfono (Receptor)",
          "minLength": 8,
          "maxLength": 30
        },
        "correo": {
          "type": "string",
          "description": "Correo electrónico (Receptor)",
          "format": "email",
          "maxLength": 100
        }
      },
      "additionalProperties": false,
      "required": [
        "nit",
        "nrc",
        "nombre",
        "codActividad",
        "descActividad",
        "nombreComercial",
        "direccion",
        "telefono",
        "correo"
      ]
    },
    "cuerpoDocumento": {
      "type": "array",
      "description": "Cuerpo del Documento",
      "items": {
        "type": "object",
        "properties": {
          "numItem": {
            "type": "integer",
            "description": "N° de ítem",
            "minimum": 1,
            "maximum": 500
          },
          "tipoDte": {
            "type": "string",
            "description": "Tipo de ítem",
            "enum": [
              "01",
              "03",
              "05",
              "06",
              "11"
            ]
          },
          "tipoGeneracion": {
            "type": "integer",
            "description": "Tipo de generación del documento",
            "enum": [
              1,
              2
            ]
          },
          "numeroDocumento": {
            "description": "Número de documento relacionado",
            "type": "string",
            "minLength": 1,
            "maxLength": 36
          },
          "fechaGeneracion": {
            "type": "string",
            "description": "Fecha de generación del  relacionado",
            "format": "date"
          },
          "ventaNoSuj": {
            "type": "number",
            "description": "Ventas no Sujetas",
            "exclusiveMaximum": 100000000000,
            "exclusiveMinimum": -100000000000,
            "multipleOf": 0.00000001
          },
          "ventaExenta": {
            "type": "number",
            "description": "Ventas Exentas",
            "exclusiveMaximum": 100000000000,
            "exclusiveMinimum": -100000000000,
            "multipleOf": 0.00000001
          },
          "ventaGravada": {
            "type": "number",
            "description": "Ventas Gravadas",
            "exclusiveMaximum": 100000000000,
            "exclusiveMinimum": -100000000000,
            "multipleOf": 0.00000001
          },
          "exportaciones": {
            "type": "number",
            "description": "Ventas Gravadas",
            "exclusiveMaximum": 100000000000,
            "exclusiveMinimum": -100000000000,
            "multipleOf": 0.00000001
          },
          "tributos": {
            "description": "Tributo sujeto a cálculo de IVA",
            "type": [
              "array",
              "null"
            ],
            "items": {
              "type": "string",
              "maxLength": 2,
              "minLength": 2,
              "enum": [
                null,
                "20",
                "C3",
                "59",
                "71",
                "D1",
                "C8",
                "D5",
                "D4"
              ]
            },
            "uniqueItems": true
          },
          "ivaItem": {
            "type": "number",
            "description": "IVA por ítem",
            "exclusiveMaximum": 100000000000,
            "exclusiveMinimum": -100000000000,
            "multipleOf": 0.00000001
          },
          "obsItem": {
            "type": "string",
            "description": "Observaciones por ítem",
            "maxLength": 3000,
            "minLength": 3
          }
        },
        "allOf": [
          {
            "if": {
              "properties": {
                "tipoGeneracion": {
                  "const": 1
                }
              }
            },
            "then": {
              "properties": {
                "numeroDocumento": {
                  "type": "string",
                  "pattern": "^[A-Z0-9]{1,20}$"
                }
              }
            },
            "else": {
              "properties": {
                "numeroDocumento": {
                  "pattern": "^[A-F0-9]{8}-[A-F0-9]{4}-[A-F0-9]{4}-[A-F0-9]{4}-[A-F0-9]{12}$"
                }
              }
            }
          }
        ],
        "additionalProperties": false,
        "required": [
          "numItem",
          "tipoDte",
          "tipoGeneracion",
          "numeroDocumento",
          "fechaGeneracion",
          "ventaNoSuj",
          "ventaExenta",
          "ventaGravada",
          "exportaciones",
          "tributos",
          "ivaItem",
          "obsItem"
        ]
      },
      "minItems": 1,
      "maxItems": 500
    },
    "resumen": {
      "type": "object",
      "description": "Resumen",
      "properties": {
        "totalNoSuj": {
          "type": "number",
          "description": "Total de Operaciones no sujetas",
          "exclusiveMaximum": 100000000000,
          "exclusiveMinimum": -100000000000,
          "multipleOf": 0.01
        },
        "totalExenta": {
          "type": "number",
          "description": "Total de Operaciones exentas",
          "exclusiveMaximum": 100000000000,
          "exclusiveMinimum": -100000000000,
          "multipleOf": 0.01
        },
        "totalGravada": {
          "type": "number",
          "description": "Total de Operaciones Gravadas",
          "exclusiveMaximum": 100000000000,
          "exclusiveMinimum": -100000000000,
          "multipleOf": 0.01
        },
        "totalExportacion": {
          "type": "number",
          "description": "Total de Operaciones Exportación",
          "exclusiveMaximum": 100000000000,
          "exclusiveMinimum": -100000000000,
          "multipleOf": 0.01
        },
        "subTotalVentas": {
          "type": "number",
          "description": "Suma de operaciones sin impuestos",
          "exclusiveMaximum": 100000000000,
          "exclusiveMinimum": -100000000000,
          "multipleOf": 0.01
        },
        "tributos": {
          "type": [
            "array",
            "null"
          ],
          "uniqueItems": true,
          "description": "Resumen de Tributos",
          "items": {
            "type": "object",
            "properties": {
              "codigo": {
                "description": "Resumen Código de Tributo",
                "type": "string",
                "enum": [
                  null,
                  "20",
                  "C3",
                  "59",
                  "71",
                  "D1",
                  "C8",
                  "D5",
                  "D4"
                ],
                "minLength": 2,
                "maxLength": 2
              },
              "descripcion": {
                "description": "Nombre del Tributo",
                "type": "string",
                "minLength": 2,
                "maxLength": 300
              },
              "valor": {
                "description": "Valor del Tributo",
                "type": "number",
                "exclusiveMaximum": 100000000000,
                "exclusiveMinimum": -100000000000,
                "multipleOf": 0.01
              }
            },
            "additionalProperties" : false,
            "required" : [
              "codigo",
              "descripcion",
              "valor"
            ]
          }
        },
        "montoTotalOperacion": {
          "type": "number",
          "description": "Monto Total de la Operación",
          "exclusiveMaximum": 100000000000,
          "exclusiveMinimum": -100000000000,
          "multipleOf": 0.01
        },
        "ivaPerci": {
          "type": "number",
          "description": "IVA Percibido liquidado",
          "exclusiveMaximum": 100000000000,
          "exclusiveMinimum": -100000000000,
          "multipleOf": 0.01
        },
        "total": {
          "type": "number",
          "description": "Total a Pagar",
          "exclusiveMaximum": 100000000000,
          "exclusiveMinimum": -100000000000,
          "multipleOf": 0.01
        },
        "totalLetras": {
          "type": "string",
          "description": "Total en Letras",
          "maxLength": 200
        },
        "condicionOperacion": {
          "type": "number",
          "description": "Condición de la Operación",
          "enum": [
            1,
            2,
            3
          ]
        }
      },
      "allOf": [
        {
          "if": {
            "properties": {
              "total": {
                "const": 0
              }
            }
          },
          "then": {
            "properties": {
              "condicionOperacion": {
                "enum": [
                  1
                ]
              }
            }
          }
        }
      ],
      "additionalProperties": false,
      "required": [
        "totalNoSuj",
        "totalExenta",
        "totalGravada",
        "totalExportacion",
        "subTotalVentas",
        "tributos",
        "montoTotalOperacion",
        "ivaPerci",
        "total",
        "totalLetras",
        "condicionOperacion"
      ]
    },
    "extension": {
      "type": ["object","null"],
      "description": "Extensión",
      "properties": {
        "nombEntrega": {
          "description": "Nombre del responsable que Genera el DTE",
          "type": [
            "string",
            "null"
          ],
          "maxLength": 100,
          "minLength": 5
        },
        "docuEntrega": {
          "description": "Documento de identificación de quien genera el DTE",
          "type": [
            "string",
            "null"
          ],
          "maxLength": 25,
          "minLength": 5
        },
        "nombRecibe": {
          "description": "Nombre del responsable de la operación por parte del receptor",
          "type": [
            "string",
            "null"
          ],
          "maxLength": 100,
          "minLength": 5
        },
        "docuRecibe": {
          "description": "Documento de identificación del responsable de la operación por parte del receptor",
          "type": [
            "string",
            "null"
          ],
          "maxLength": 25,
          "minLength": 5
        },
        "observaciones": {
          "description": "Observaciones",
          "type": [
            "string",
            "null"
          ],
          "maxLength": 3000
        }
      },
      "additionalProperties": false,
      "required": [
        "nombEntrega",
        "docuEntrega",
        "nombRecibe",
        "docuRecibe",
        "observaciones"
      ]
    },
    "apendice": {
      "description": "Apéndice",
      "type": [
        "array",
        "null"
      ],
      "items": {
        "type": "object",
        "properties": {
          "campo": {
            "type": "string",
            "description": "Nombre del campo",
            "maxLength": 25
          },
          "etiqueta": {
            "type": "string",
            "description": "Descripción",
            "maxLength": 50
          },
          "valor": {
            "type": "string",
            "description": "Valor/Dato",
            "maxLength": 150
          }
        },
        "additionalProperties": false,
        "required": [
          "campo",
          "etiqueta",
          "valor"
        ]
      },
      "minItems": 1,
      "maxItems": 10
    }
  },
  "additionalProperties": false,
  "required": [
    "identificacion",
    "emisor",
    "receptor",
    "cuerpoDocumento",
    "resumen",
    "extension",
    "apendice"
  ]
}