{
    "$schema": "http://json-schema.org/draft-07/schema#",
    "title": "Documento Contable de Liquidación Electrónica v1",
    "type": "object",
    "properties": {
        "identificacion": {
            "description": "Identificación",
            "type": "object",
            "properties": {
                "version": {
                    "type": "integer",
                    "description": "Versión",
                    "const": 1
                },
                "ambiente": {
                    "type": "string",
                    "description": "Ambiente de destino",
                    "enum": [
                        "00",
                        "01"
                    ]
                },
                "tipoDte": {
                    "type": "string",
                    "description": "Tipo de Documento",
                    "const": "09"
                },
                "numeroControl": {
                    "type": "string",
                    "description": "Número de Control",
                    "maxLength": 31,
                    "minLength": 31,
                    "pattern": "^DTE-09-[A-Z0-9]{8}-[0-9]{15}$"
                },
                "codigoGeneracion": {
                    "type": "string",
                    "description": "Código de Generación",
                    "maxLength": 36,
                    "minLength": 36,
                    "pattern": "^[A-F0-9]{8}-[A-F0-9]{4}-[A-F0-9]{4}-[A-F0-9]{4}-[A-F0-9]{12}$"
                },
                "tipoModelo": {
                    "type": "number",
                    "description": "Modelo de Facturación",
                    "const": 1
                },
                "tipoOperacion": {
                    "type": "integer",
                    "description": "Tipo de Transmisión",
                    "const": 1
                },
                "fecEmi": {
                    "type": "string",
                    "description": "Fecha de Generación",
                    "format": "date"
                },
                "horEmi": {
                    "type": "string",
                    "description": "Hora de Generación",
                    "pattern": "^(0[0-9]|1[0-9]|2[0-3]):[0-5][0-9]:[0-5][0-9]?$"
                },
                "tipoMoneda": {
                    "type": "string",
                    "description": "Tipo de Moneda",
                    "enum": [
                        "USD"
                    ]
                }
            },
            "additionalProperties": false,
            "required": [
                "version",
                "ambiente",
                "tipoDte",
                "numeroControl",
                "codigoGeneracion",
                "tipoModelo",
                "tipoOperacion",
                "fecEmi",
                "horEmi",
                "tipoMoneda"
            ]
        },
        "emisor": {
            "type": "object",
            "description": "Emisor",
            "properties": {
                "nit": {
                    "description": "NIT (Emisor)",
                    "type": "string",
                    "pattern": "^([0-9]{14}|[0-9]{9})$"
                },
                "nrc": {
                    "description": "NRC (Emisor)",
                    "type": "string",
                    "pattern": "^[0-9]{1,8}$"
                },
                "nombre": {
                    "type": "string",
                    "description": "Nombre, denominación o razón social del contribuyente (Emisor)",
                    "maxLength": 200,
                    "minLength": 3
                },
                "codActividad": {
                    "type": "string",
                    "description": "Código de Actividad Económica (Emisor)",
                    "pattern": "^[0-9]{2,6}$",
                    "maxLength": 6,
                    "minLength": 5
                },
                "descActividad": {
                    "type": "string",
                    "description": "Actividad Económica (Emisor)",
                    "maxLength": 150,
                    "minLength": 5
                },
                "nombreComercial": {
                    "description": "Nombre Comercial (Emisor)",
                    "type": [
                        "string",
                        "null"
                    ],
                    "maxLength": 150,
                    "minLength": 5
                },
                "tipoEstablecimiento": {
                    "type": "string",
                    "description": "Tipo de establecimiento (Emisor)",
                    "enum": [
                        "01",
                        "02",
                        "04",
                        "07",
                        "20"
                    ]
                },
                "telefono": {
                    "type": "string",
                    "description": "Teléfono (Emisor)",
                    "minLength": 8,
                    "maxLength": 8,
                    "pattern": "^[0-9+;]{8,8}$"
                },
                "correo": {
                    "type": "string",
                    "description": "Correo electrónico (Emisor)",
                    "format": "email",
                    "maxLength": 100,
                    "minLength": 3
                },
                "direccion": {
                    "type": "object",
                    "description": "Dirección (Emisor)",
                    "properties": {
                        "departamento": {
                            "type": "string",
                            "description": "Dirección Departamento (Emisor)",
                            "pattern": "^0[1-9]|1[0-4]$"
                        },
                        "municipio": {
                            "type": "string",
                            "description": "Dirección Municipio (Emisor)",
                            "pattern": "^[0-9]{2}$"
                        },
                        "complemento": {
                            "type": "string",
                            "description": "Dirección complemento (Emisor)",
                            "maxLength": 200,
                            "minLength": 5
                        }
                    },
                    "allOf": [
                        {
                            "if": {
                                "properties": {
                                    "departamento": {
                                        "const": "01"
                                    }
                                }
                            },
                            "then": {
                                "properties": {
                                    "municipio": {
                                        "pattern": "^0[1-9]|1[0-2]$"
                                    }
                                }
                            }
                        },
                        {
                            "if": {
                                "properties": {
                                    "departamento": {
                                        "enum": [
                                            "02",
                                            "10"
                                        ]
                                    }
                                }
                            },
                            "then": {
                                "properties": {
                                    "municipio": {
                                        "pattern": "^0[1-9]|1[0-3]$"
                                    }
                                }
                            }
                        },
                        {
                            "if": {
                                "properties": {
                                    "departamento": {
                                        "enum": [
                                            "03",
                                            "07"
                                        ]
                                    }
                                }
                            },
                            "then": {
                                "properties": {
                                    "municipio": {
                                        "pattern": "^0[1-9]|1[0-6]$"
                                    }
                                }
                            }
                        },
                        {
                            "if": {
                                "properties": {
                                    "departamento": {
                                        "const": "04"
                                    }
                                }
                            },
                            "then": {
                                "properties": {
                                    "municipio": {
                                        "pattern": "^0[1-9]|[12][0-9]|3[0-3]$"
                                    }
                                }
                            }
                        },
                        {
                            "if": {
                                "properties": {
                                    "departamento": {
                                        "enum": [
                                            "05",
                                            "08"
                                        ]
                                    }
                                }
                            },
                            "then": {
                                "properties": {
                                    "municipio": {
                                        "pattern": "^0[1-9]|1[0-9]|2[0-2]$"
                                    }
                                }
                            }
                        },
                        {
                            "if": {
                                "properties": {
                                    "departamento": {
                                        "const": "06"
                                    }
                                }
                            },
                            "then": {
                                "properties": {
                                    "municipio": {
                                        "pattern": "^0[1-9]|1[0-9]$"
                                    }
                                }
                            }
                        },
                        {
                            "if": {
                                "properties": {
                                    "departamento": {
                                        "const": "09"
                                    }
                                }
                            },
                            "then": {
                                "properties": {
                                    "municipio": {
                                        "pattern": "^0[1-9]$"
                                    }
                                }
                            }
                        },
                        {
                            "if": {
                                "properties": {
                                    "departamento": {
                                        "const": "11"
                                    }
                                }
                            },
                            "then": {
                                "properties": {
                                    "municipio": {
                                        "pattern": "^0[1-9]|1[0-9]|2[0-3]$"
                                    }
                                }
                            }
                        },
                        {
                            "if": {
                                "properties": {
                                    "departamento": {
                                        "const": "12"
                                    }
                                }
                            },
                            "then": {
                                "properties": {
                                    "municipio": {
                                        "pattern": "^0[1-9]|1[0-9]|20$"
                                    }
                                }
                            }
                        },
                        {
                            "if": {
                                "properties": {
                                    "departamento": {
                                        "const": "13"
                                    }
                                }
                            },
                            "then": {
                                "properties": {
                                    "municipio": {
                                        "pattern": "^0[1-9]|1[0-9]|2[0-6]$"
                                    }
                                }
                            }
                        },
                        {
                            "if": {
                                "properties": {
                                    "departamento": {
                                        "const": "14"
                                    }
                                }
                            },
                            "then": {
                                "properties": {
                                    "municipio": {
                                        "pattern": "^0[1-9]|1[0-8]$"
                                    }
                                }
                            }
                        }
                    ],
                    "additionalProperties": false,
                    "required": [
                        "departamento",
                        "municipio",
                        "complemento"
                    ]
                },
                "codigoMH": {
                    "description": "Codigo del establecimiento donde se genera el DTE",
                    "type": [
                        "string",
                        "null"
                    ],
                    "maxLength": 4,
                    "minLength": 4
                },
                "codigo": {
                    "description": "Codigo del establecimiento donde se genera el DTE ",
                    "type": [
                        "string",
                        "null"
                    ],
                    "maxLength": 4,
                    "minLength": 4
                },
                "puntoVentaMH": {
                    "description": "Codigo de Identificacion del  Punto de Venta (Emisor) Asignado por el  MH",
                    "type": [
                        "string",
                        "null"
                    ],
                    "maxLength": 4,
                    "minLength": 4
                },
                "puntoVentaContri": {
                    "description": "Codigo del punto de venta donde se genera el DTE que el contribuyente emisor maneja internamente",
                    "type": [
                        "string",
                        "null"
                    ],
                    "maxLength": 15,
                    "minLength": 1
                }
            },
            "additionalProperties": false,
            "required": [
                "nit",
                "nrc",
                "nombre",
                "codActividad",
                "descActividad",
                "nombreComercial",
                "tipoEstablecimiento",
                "telefono",
                "correo",
                "direccion",
                "codigoMH",
                "codigo",
                "puntoVentaMH",
                "puntoVentaContri"
            ]
        },
        "receptor": {
            "type": "object",
            "description": "Receptor",
            "properties": {
                "nit": {
                    "type": "string",
                    "description": "NIT (Receptor)",
                    "pattern": "^([0-9]{14}|[0-9]{9})$"
                },
                "nrc": {
                    "type": "string",
                    "description": "NRC (Receptor)",
                    "pattern": "^[0-9]{1,8}$"
                },
                "nombre": {
                    "type": "string",
                    "description": "Nombre, denominación o razón social del contribuyente (Receptor)",
                    "maxLength": 250,
                    "minLength": 1
                },
                "codActividad": {
                    "type": "string",
                    "description": "Código de Actividad Económica (Receptor)",
                    "pattern": "^[0-9]{2,6}$",
                    "maxLength": 6,
                    "minLength": 5
                },
                "descActividad": {
                    "type": "string",
                    "description": "Actividad Económica (Receptor)",
                    "maxLength": 150,
                    "minLength": 5
                },
                "nombreComercial": {
                    "description": "Nombre Comercial (Receptor)",
                    "type": [
                        "string",
                        "null"
                    ],
                    "maxLength": 150,
                    "minLength": 5
                },
                "tipoEstablecimiento": {
                    "type": "string",
                    "description": "Tipo de establecimiento (Receptor)",
                    "enum": [
                        "01",
                        "02",
                        "04",
                        "07",
                        "20"
                    ]
                },
                "direccion": {
                    "type": "object",
                    "description": "Dirección (Receptor)",
                    "properties": {
                        "departamento": {
                            "type": "string",
                            "description": "Dirección: Departamento (Receptor)",
                            "pattern": "^0[1-9]|1[0-4]$"
                        },
                        "municipio": {
                            "type": "string",
                            "description": "Dirección: Municipio (Receptor)",
                            "pattern": "^[0-9]{2}$"
                        },
                        "complemento": {
                            "type": "string",
                            "description": "Dirección: complemento (Receptor)",
                            "maxLength": 200,
                            "minLength": 5
                        }
                    },
                    "allOf": [
                        {
                            "if": {
                                "properties": {
                                    "departamento": {
                                        "const": "01"
                                    }
                                }
                            },
                            "then": {
                                "properties": {
                                    "municipio": {
                                        "pattern": "^0[1-9]|1[0-2]$"
                                    }
                                }
                            }
                        },
                        {
                            "if": {
                                "properties": {
                                    "departamento": {
                                        "enum": [
                                            "02",
                                            "10"
                                        ]
                                    }
                                }
                            },
                            "then": {
                                "properties": {
                                    "municipio": {
                                        "pattern": "^0[1-9]|1[0-3]$"
                                    }
                                }
                            }
                        },
                        {
                            "if": {
                                "properties": {
                                    "departamento": {
                                        "enum": [
                                            "03",
                                            "07"
                                        ]
                                    }
                                }
                            },
                            "then": {
                                "properties": {
                                    "municipio": {
                                        "pattern": "^0[1-9]|1[0-6]$"
                                    }
                                }
                            }
                        },
                        {
                            "if": {
                                "properties": {
                                    "departamento": {
                                        "const": "04"
                                    }
                                }
                            },
                            "then": {
                                "properties": {
                                    "municipio": {
                                        "pattern": "^0[1-9]|[12][0-9]|3[0-3]$"
                                    }
                                }
                            }
                        },
                        {
                            "if": {
                                "properties": {
                                    "departamento": {
                                        "enum": [
                                            "05",
                                            "08"
                                        ]
                                    }
                                }
                            },
                            "then": {
                                "properties": {
                                    "municipio": {
                                        "pattern": "^0[1-9]|1[0-9]|2[0-2]$"
                                    }
                                }
                            }
                        },
                        {
                            "if": {
                                "properties": {
                                    "departamento": {
                                        "const": "06"
                                    }
                                }
                            },
                            "then": {
                                "properties": {
                                    "municipio": {
                                        "pattern": "^0[1-9]|1[0-9]$"
                                    }
                                }
                            }
                        },
                        {
                            "if": {
                                "properties": {
                                    "departamento": {
                                        "const": "09"
                                    }
                                }
                            },
                            "then": {
                                "properties": {
                                    "municipio": {
                                        "pattern": "^0[1-9]$"
                                    }
                                }
                            }
                        },
                        {
                            "if": {
                                "properties": {
                                    "departamento": {
                                        "const": "11"
                                    }
                                }
                            },
                            "then": {
                                "properties": {
                                    "municipio": {
                                        "pattern": "^0[1-9]|1[0-9]|2[0-3]$"
                                    }
                                }
                            }
                        },
                        {
                            "if": {
                                "properties": {
                                    "departamento": {
                                        "const": "12"
                                    }
                                }
                            },
                            "then": {
                                "properties": {
                                    "municipio": {
                                        "pattern": "^0[1-9]|1[0-9]|20$"
                                    }
                                }
                            }
                        },
                        {
                            "if": {
                                "properties": {
                                    "departamento": {
                                        "const": "13"
                                    }
                                }
                            },
                            "then": {
                                "properties": {
                                    "municipio": {
                                        "pattern": "^0[1-9]|1[0-9]|2[0-6]$"
                                    }
                                }
                            }
                        },
                        {
                            "if": {
                                "properties": {
                                    "departamento": {
                                        "const": "14"
                                    }
                                }
                            },
                            "then": {
                                "properties": {
                                    "municipio": {
                                        "pattern": "^0[1-9]|1[0-8]$"
                                    }
                                }
                            }
                        }
                    ],
                    "additionalProperties": false,
                    "required": [
                        "departamento",
                        "municipio",
                        "complemento"
                    ]
                },
                "telefono": {
                    "type": [
                        "string",
                        "null"
                    ],
                    "description": "Teléfono (Receptor)",
                    "minLength": 8,
                    "maxLength": 8,
                    "pattern": "^[0-9+;]{8,8}$"
                },
                "correo": {
                    "type": "string",
                    "description": "Correo electrónico (Receptor)",
                    "format": "email",
                    "maxLength": 100
                },
                "codigoMH": {
                    "description": "Código del establecimiento asignado por el MH",
                    "type": [
                        "string",
                        "null"
                    ],
                    "maxLength": 4,
                    "minLength": 4
                },
                "puntoVentaMH": {
                    "description": "Código del Punto de Venta asignado por el MH",
                    "type": [
                        "string",
                        "null"
                    ],
                    "maxLength": 4,
                    "minLength": 4
                }
            },
            "additionalProperties": false,
            "required": [
                "nit",
                "nrc",
                "nombre",
                "telefono",
                "correo",
                "direccion",
                "tipoEstablecimiento",
                "codActividad",
                "descActividad",
                "nombreComercial",
                "codigoMH",
                "puntoVentaMH"
            ]
        },
        "cuerpoDocumento": {
            "type": "object",
            "description": "Cuerpo del Documento",
            "properties": {
                "periodoLiquidacionFechaInicio": {
                    "format": "date",
                    "description": "Fecha inicio del período de Liquidación",
                    "type": [
                        "string"
                    ],
                    "maxLength": 200,
                    "minLength": 1
                },
                "periodoLiquidacionFechaFin": {
                    "format": "date",
                    "description": "Fecha fin del período de Liquidación",
                    "type": [
                        "string"
                    ],
                    "maxLength": 200,
                    "minLength": 1
                },
                "codLiquidacion": {
                    "type": [
                        "string",
                        "null"
                    ],
                    "description": "Código de Liquidación",
                    "maxLength": 30,
                    "minLength": 1
                },
                "cantidadDoc": {
                    "type": [
                        "number",
                        "null"
                    ],
                    "description": "Cantidad de Documentos",
                    "exclusiveMaximum": 100000000000,
                    "exclusiveMinimum": 0,
                    "multipleOf": 1
                },
                "valorOperaciones": {
                    "type": "number",
                    "description": "Valor de las Operaciones a Liquidar",
                    "exclusiveMinimum": 0,
                    "exclusiveMaximum": 100000000000,
                    "multipleOf": 0.01
                },
                "montoSinPercepcion": {
                    "type": "number",
                    "description": "Valores no sujetos a percepción",
                    "minimum": 0,
                    "exclusiveMaximum": 100000000000,
                    "multipleOf": 0.01
                },
                "descripSinPercepcion": {
                    "description": "Descripción del valor no sujeto a percepción",
                    "type": [
                        "string",
                        "null"
                    ],
                    "maxLength": 100,
                    "minLength": 1
                },
                "subTotal": {
                    "type": "number",
                    "description": "Sub-Total",
                    "exclusiveMinimum": 0,
                    "exclusiveMaximum": 100000000000,
                    "multipleOf": 0.01
                },
                "iva": {
                    "type": "number",
                    "description": "IVA de las Operaciones a liquidar",
                    "exclusiveMinimum": 0,
                    "exclusiveMaximum": 100000000000,
                    "multipleOf": 0.00000001
                },
                "montoSujetoPercepcion": {
                    "type": "number",
                    "description": "Monto sujeto a percepción sin IVA",
                    "exclusiveMinimum": 0,
                    "exclusiveMaximum": 100000000000,
                    "multipleOf": 0.01
                },
                "ivaPercibido": {
                    "type": "number",
                    "description": "IVA Percibido (2%)",
                    "exclusiveMinimum": 0,
                    "exclusiveMaximum": 100000000000,
                    "multipleOf": 0.01
                },
                "comision": {
                    "type": "number",
                    "description": "Comisión",
                    "minimum": 0,
                    "exclusiveMaximum": 100000000000,
                    "multipleOf": 0.01
                },
                "porcentComision": {
                    "description": "Porcentaje de Comisión",
                    "type": [
                        "string",
                        "null"
                    ],
                    "maxLength": 100,
                    "minLength": 1
                },
                "ivaComision": {
                    "type": "number",
                    "description": "IVA de la Comisión",
                    "minimum": 0,
                    "exclusiveMaximum": 100000000000,
                    "multipleOf": 0.01
                },
                "liquidoApagar": {
                    "type": "number",
                    "description": "Valor líquido a pagar al afiliado",
                    "exclusiveMinimum": 0,
                    "exclusiveMaximum": 100000000000,
                    "multipleOf": 0.01
                },
                "totalLetras": {
                    "description": "Valor en Letras",
                    "type": [
                        "string"
                    ],
                    "maxLength": 200,
                    "minLength": 8
                },
                "observaciones": {
                    "description": "Observaciones por ítems",
                    "type": [
                        "string",
                        "null"
                    ],
                    "maxLength": 200
                }
            },
            "additionalProperties": false,
            "required": [
                "periodoLiquidacionFechaInicio",
                "periodoLiquidacionFechaFin",
                "valorOperaciones",
                "subTotal",
                "iva",
                "montoSujetoPercepcion",
                "ivaPercibido",
                "comision",
                "porcentComision",
                "ivaComision",
                "liquidoApagar",
                "codLiquidacion",
                "cantidadDoc",
                "montoSinPercepcion",
                "descripSinPercepcion",
                "totalLetras",
                "observaciones"
            ]
        },
        "extension": {
            "type": "object",
            "description": "Extensión",
            "properties": {
                "nombEntrega": {
                    "description": "Nombre del responsable que Genera el DTE",
                    "type": "string",
                    "maxLength": 100,
                    "minLength": 5
                },
                "docuEntrega": {
                    "description": "Documento de identificación de quien genera el DTE",
                    "type": "string",
                    "maxLength": 25,
                    "minLength": 5
                },
                "codEmpleado": {
                    "description": "Código de empleado responsable de la liquidación",
                    "type": ["string","null"],
                    "maxLength": 15,
                    "minLength": 1
                }
            },
            "additionalProperties": false,
            "required": [
                "nombEntrega",
                "docuEntrega",
                "codEmpleado"
            ]
        },
        "apendice": {
            "description": "Apéndice",
            "type": [
                "array",
                "null"
            ],
            "items": {
                "type": "object",
                "properties": {
                    "campo": {
                        "type": "string",
                        "description": "Nombre del campo",
                        "maxLength": 25,
                        "minLength": 2
                    },
                    "etiqueta": {
                        "type": "string",
                        "description": "Descripción",
                        "maxLength": 50,
                        "minLength": 3
                    },
                    "valor": {
                        "type": "string",
                        "description": "Valor/Dato",
                        "maxLength": 150,
                        "minLength": 1
                    }
                },
                "additionalProperties": false,
                "required": [
                    "campo",
                    "etiqueta",
                    "valor"
                ]
            },
            "minItems": 1,
            "maxItems": 10
        }
    },
    "additionalProperties": false,
    "required": [
        "identificacion",
        "emisor",
        "receptor",
        "cuerpoDocumento",
        "extension",
        "apendice"
    ]
}