{
    "$schema": "http://json-schema.org/draft-07/schema#",
    "title": "Factura de Sujeto Excluido Electrónica v1",
    "type": "object",
    "properties": {
        "identificacion" : {
            "description" : "Identificación",
            "type" : "object",
            "properties" : {
                "version" : {
                    "type" : "integer",
                    "description" : "Versión",
                    "const" : 1
                },
                "ambiente" : {
                    "type" : "string",
                    "description" : "Ambiente de destino",
                    "enum" : [
                        "00",
                        "01"
                    ]
                },
                "tipoDte" : {
                    "type" : "string",
                    "description" : "Tipo de Documento",
                    "const" : "14"
                },
                "numeroControl" : {
                    "type" : "string",
                    "description" : "Número de Control",
                    "maxLength" : 31,
                    "minLength" : 31,
                    "pattern" : "^DTE-14-[A-Z0-9]{8}-[0-9]{15}$"
                },
                "codigoGeneracion" : {
                    "type" : "string",
                    "description" : "Código de Generación",
                    "maxLength" : 36,
                    "minLength" : 36,
                    "pattern" : "^[A-F0-9]{8}-[A-F0-9]{4}-[A-F0-9]{4}-[A-F0-9]{4}-[A-F0-9]{12}$"
                },
                "tipoModelo" : {
                    "type" : "number",
                    "description" : "Modelo de Facturación",
                    "enum" : [
                        1,
                        2
                    ]
                },
                "tipoOperacion" : {
                    "type" : "integer",
                    "description" : "Tipo de Transmisión",
                    "enum" : [
                        1,
                        2
                    ]
                },
                "tipoContingencia" : {
                    "description" : "Tipo de Contingencia",
                    "type" : [
                        "integer",
                        "null"
                    ],
                    "enum" : [
                        null,
                        1,
                        2,
                        3,
                        4,
                        5
                    ]
                },
                "motivoContin" : {
                    "description" : "Motivo de Contingencia",
                    "type" : [
                        "string",
                        "null"
                    ],
                    "maxLength" : 500,
                    "minLength" : 1
                },
                "fecEmi" : {
                    "type" : "string",
                    "description" : "Fecha de Generación",
                    "format" : "date"
                },
                "horEmi" : {
                    "type" : "string",
                    "description" : "Hora de Generación",
                    "pattern" : "^(0[0-9]|1[0-9]|2[0-3]):[0-5][0-9]:[0-5][0-9]?$"
                },
                "tipoMoneda" : {
                    "type" : "string",
                    "description" : "Tipo de Moneda",
                    "enum" : [
                        "USD"
                    ]
                }
            },
            "allOf" : [
                {
                    "if" : {
                        "properties" : {
                            "tipoOperacion" : {
                                "const" : 1
                            }
                        }
                    },
                    "then" : {
                        "properties" : {
                            "tipoModelo" : {
                                "const" : 1
                            },
                            "tipoContingencia" : {
                                "type" : "null"
                            },
                            "motivoContin" : {
                                "type" : "null"
                            }
                        }
                    },
                    "else" : {
                        "properties" : {
                            "tipoModelo" : {
                                "enum" : [
                                    2
                                ]
                            }
                        }
                    }
                },
                {
                    "if" : {
                        "properties" : {
                            "tipoOperacion" : {
                                "const" : 2
                            }
                        }
                    },
                    "then" : {
                        "properties" : {
                            "tipoContingencia" : {
                                "type" : "integer"
                            }
                        }
                    }
                },
                {
                    "if" : {
                        "properties" : {
                            "tipoContingencia" : {
                                "const" : 5
                            }
                        }
                    },
                    "then" : {
                        "properties" : {
                            "motivoContin" : {
                                "type" : "string"
                            }
                        }
                    }
                }
            ],
            "additionalProperties" : false,
            "required" : [
                "version",
                "ambiente",
                "tipoDte",
                "numeroControl",
                "codigoGeneracion",
                "tipoModelo",
                "tipoOperacion",
                "tipoContingencia",
                "motivoContin",
                "fecEmi",
                "horEmi",
                "tipoMoneda"
            ]
        },
        "emisor" : {
            "type" : "object",
            "description" : "Emisor",
            "properties" : {
                "nit" : {
                    "description" : "NIT (Emisor)",
                    "type" : "string",
                    "pattern" : "^([0-9]{14}|[0-9]{9})$"
                },
                "nrc" : {
                    "description" : "NRC (Emisor)",
                    "type" : [
                        "string",
                        "null"
                    ],
                    "pattern" : "^[0-9]{1,8}$"
                },
                "nombre" : {
                    "type" : "string",
                    "description" : "Nombre, denominación o razón social del contribuyente (Emisor)",
                    "maxLength" : 250,
                    "minLength" : 1
                },
                "codActividad" : {
                    "type" : "string",
                    "description" : "Código de Actividad Económica (Emisor)",
                    "pattern" : "^[0-9]{2,6}$"
                },
                "descActividad" : {
                    "type" : "string",
                    "description" : "Actividad Económica (Emisor)",
                    "maxLength" : 150,
                    "minLength" : 1
                },
                "direccion" : {
                    "type" : "object",
                    "description" : "Dirección (Emisor)",
                    "properties" : {
                        "departamento" : {
                            "type" : "string",
                            "description" : "Dirección Departamento (Emisor)",
                            "pattern" : "^0[1-9]|1[0-4]$"
                        },
                        "municipio" : {
                            "type" : "string",
                            "description" : "Dirección Municipio (Emisor)",
                            "pattern" : "^[0-9]{2}$"
                        },
                        "complemento" : {
                            "type" : "string",
                            "description" : "Dirección complemento (Emisor)",
                            "maxLength" : 200,
                            "minLength" : 1
                        }
                    },
                    "allOf" : [
                        {
                            "if" : {
                                "properties" : {
                                    "departamento" : {
                                        "const" : "01"
                                    }
                                }
                            },
                            "then" : {
                                "properties" : {
                                    "municipio" : {
                                        "pattern" : "^0[1-9]|1[0-2]$"
                                    }
                                }
                            }
                        },
                        {
                            "if" : {
                                "properties" : {
                                    "departamento" : {
                                        "enum" : [
                                            "02",
                                            "10"
                                        ]
                                    }
                                }
                            },
                            "then" : {
                                "properties" : {
                                    "municipio" : {
                                        "pattern" : "^0[1-9]|1[0-3]$"
                                    }
                                }
                            }
                        },
                        {
                            "if" : {
                                "properties" : {
                                    "departamento" : {
                                        "enum" : [
                                            "03",
                                            "07"
                                        ]
                                    }
                                }
                            },
                            "then" : {
                                "properties" : {
                                    "municipio" : {
                                        "pattern" : "^0[1-9]|1[0-6]$"
                                    }
                                }
                            }
                        },
                        {
                            "if" : {
                                "properties" : {
                                    "departamento" : {
                                        "const" : "04"
                                    }
                                }
                            },
                            "then" : {
                                "properties" : {
                                    "municipio" : {
                                        "pattern" : "^0[1-9]|[12][0-9]|3[0-3]$"
                                    }
                                }
                            }
                        },
                        {
                            "if" : {
                                "properties" : {
                                    "departamento" : {
                                        "enum" : [
                                            "05",
                                            "08"
                                        ]
                                    }
                                }
                            },
                            "then" : {
                                "properties" : {
                                    "municipio" : {
                                        "pattern" : "^0[1-9]|1[0-9]|2[0-2]$"
                                    }
                                }
                            }
                        },
                        {
                            "if" : {
                                "properties" : {
                                    "departamento" : {
                                        "const" : "06"
                                    }
                                }
                            },
                            "then" : {
                                "properties" : {
                                    "municipio" : {
                                        "pattern" : "^0[1-9]|1[0-9]$"
                                    }
                                }
                            }
                        },
                        {
                            "if" : {
                                "properties" : {
                                    "departamento" : {
                                        "const" : "09"
                                    }
                                }
                            },
                            "then" : {
                                "properties" : {
                                    "municipio" : {
                                        "pattern" : "^0[1-9]$"
                                    }
                                }
                            }
                        },
                        {
                            "if" : {
                                "properties" : {
                                    "departamento" : {
                                        "const" : "11"
                                    }
                                }
                            },
                            "then" : {
                                "properties" : {
                                    "municipio" : {
                                        "pattern" : "^0[1-9]|1[0-9]|2[0-3]$"
                                    }
                                }
                            }
                        },
                        {
                            "if" : {
                                "properties" : {
                                    "departamento" : {
                                        "const" : "12"
                                    }
                                }
                            },
                            "then" : {
                                "properties" : {
                                    "municipio" : {
                                        "pattern" : "^0[1-9]|1[0-9]|20$"
                                    }
                                }
                            }
                        },
                        {
                            "if" : {
                                "properties" : {
                                    "departamento" : {
                                        "const" : "13"
                                    }
                                }
                            },
                            "then" : {
                                "properties" : {
                                    "municipio" : {
                                        "pattern" : "^0[1-9]|1[0-9]|2[0-6]$"
                                    }
                                }
                            }
                        },
                        {
                            "if" : {
                                "properties" : {
                                    "departamento" : {
                                        "const" : "14"
                                    }
                                }
                            },
                            "then" : {
                                "properties" : {
                                    "municipio" : {
                                        "pattern" : "^0[1-9]|1[0-8]$"
                                    }
                                }
                            }
                        }
                    ],
                    "additionalProperties" : false,
                    "required" : [
                        "departamento",
                        "municipio",
                        "complemento"
                    ]
                },
                "telefono" : {
                    "type" : "string",
                    "description" : "Teléfono (Emisor)",
                    "minLength" : 8,
                    "maxLength" : 30
                },
                "codEstableMH" : {
                    "description" : "Código del establecimiento asignado por el MH",
                    "type" : [
                        "string",
                        "null"
                    ],
                    "maxLength" : 4,
                    "minLength" : 4
                },
                "codEstable" : {
                    "description" : "Código del establecimiento asignado por el contribuyente",
                    "type" : [
                        "string",
                        "null"
                    ],
                    "minLength" : 1,
                    "maxLength" : 10
                },
                "codPuntoVentaMH" : {
                    "description" : "Código del Punto de Venta (Emisor) Asignado por el MH",
                    "type" : [
                        "string",
                        "null"
                    ],
                    "maxLength" : 4,
                    "minLength" : 4
                },
                "codPuntoVenta" : {
                    "description" : "Código del Punto de Venta (Emisor) asignado por el contribuyente",
                    "type" : [
                        "string",
                        "null"
                    ],
                    "maxLength" : 15,
                    "minLength" : 1
                },
                "correo" : {
                    "type" : "string",
                    "description" : "Correo electrónico (Emisor)",
                    "format" : "email",
                    "maxLength" : 100,
                    "minLength" : 3
                }
            },
            "additionalProperties" : false,
            "required" : [
                "nit",
                "nrc",
                "nombre",
                "codActividad",
                "descActividad",
                "direccion",
                "telefono",
                "codEstableMH",
                "codEstable",
                "codPuntoVentaMH",
                "codPuntoVenta",
                "correo"
            ]
        },
        "sujetoExcluido" : {
            "type" : "object",
            "description" : "Receptor",
            "properties" : {
                "tipoDocumento":{
                    "type":"string",
                    "description":"Tipo de documento de identificación (Receptor)",
                    "enum":[
                        "36",
                        "13",
                        "02",
                        "03",
                        "37"
                    ]
                },
                "numDocumento":{
                    "type":"string",
                    "description":"Número de documento de Identificación (Receptor)",
                    "minLength":1,
                    "maxLength":20
                },
                "nombre" : {
                    "type" : "string",
                    "description" : "Nombre, denominación o razón social del contribuyente (Receptor)",
                    "maxLength" : 250,
                    "minLength" : 1
                },
                "codActividad" : {
                    "type": [
                        "string",
                        "null"
                    ],
                    "description" : "Código de Actividad Económica (Receptor)",
                    "pattern" : "^[0-9]{2,6}$"
                },
                "descActividad" : {
                    "type": [
                        "string",
                        "null"
                    ],
                    "description" : "Actividad Económica (Receptor)",
                    "maxLength" : 150,
                    "minLength" : 1
                },
                "direccion" : {
                    "type" : "object",
                    "description" : "Dirección (Receptor)",
                    "properties" : {
                        "departamento" : {
                            "type" : "string",
                            "description" : "Dirección: Departamento (Receptor)",
                            "pattern" : "^0[1-9]|1[0-4]$"
                        },
                        "municipio" : {
                            "type" : "string",
                            "description" : "Dirección: Municipio (Receptor)",
                            "pattern" : "^[0-9]{2}$"
                        },
                        "complemento" : {
                            "type" : "string",
                            "description" : "Dirección: complemento (Receptor)",
                            "maxLength" : 200,
                            "minLength" : 1
                        }
                    },
                    "allOf" : [
                        {
                            "if" : {
                                "properties" : {
                                    "departamento" : {
                                        "const" : "01"
                                    }
                                }
                            },
                            "then" : {
                                "properties" : {
                                    "municipio" : {
                                        "pattern" : "^0[1-9]|1[0-2]$"
                                    }
                                }
                            }
                        },
                        {
                            "if" : {
                                "properties" : {
                                    "departamento" : {
                                        "enum" : [
                                            "02",
                                            "10"
                                        ]
                                    }
                                }
                            },
                            "then" : {
                                "properties" : {
                                    "municipio" : {
                                        "pattern" : "^0[1-9]|1[0-3]$"
                                    }
                                }
                            }
                        },
                        {
                            "if" : {
                                "properties" : {
                                    "departamento" : {
                                        "enum" : [
                                            "03",
                                            "07"
                                        ]
                                    }
                                }
                            },
                            "then" : {
                                "properties" : {
                                    "municipio" : {
                                        "pattern" : "^0[1-9]|1[0-6]$"
                                    }
                                }
                            }
                        },
                        {
                            "if" : {
                                "properties" : {
                                    "departamento" : {
                                        "const" : "04"
                                    }
                                }
                            },
                            "then" : {
                                "properties" : {
                                    "municipio" : {
                                        "pattern" : "^0[1-9]|[12][0-9]|3[0-3]$"
                                    }
                                }
                            }
                        },
                        {
                            "if" : {
                                "properties" : {
                                    "departamento" : {
                                        "enum" : [
                                            "05",
                                            "08"
                                        ]
                                    }
                                }
                            },
                            "then" : {
                                "properties" : {
                                    "municipio" : {
                                        "pattern" : "^0[1-9]|1[0-9]|2[0-2]$"
                                    }
                                }
                            }
                        },
                        {
                            "if" : {
                                "properties" : {
                                    "departamento" : {
                                        "const" : "06"
                                    }
                                }
                            },
                            "then" : {
                                "properties" : {
                                    "municipio" : {
                                        "pattern" : "^0[1-9]|1[0-9]$"
                                    }
                                }
                            }
                        },
                        {
                            "if" : {
                                "properties" : {
                                    "departamento" : {
                                        "const" : "09"
                                    }
                                }
                            },
                            "then" : {
                                "properties" : {
                                    "municipio" : {
                                        "pattern" : "^0[1-9]$"
                                    }
                                }
                            }
                        },
                        {
                            "if" : {
                                "properties" : {
                                    "departamento" : {
                                        "const" : "11"
                                    }
                                }
                            },
                            "then" : {
                                "properties" : {
                                    "municipio" : {
                                        "pattern" : "^0[1-9]|1[0-9]|2[0-3]$"
                                    }
                                }
                            }
                        },
                        {
                            "if" : {
                                "properties" : {
                                    "departamento" : {
                                        "const" : "12"
                                    }
                                }
                            },
                            "then" : {
                                "properties" : {
                                    "municipio" : {
                                        "pattern" : "^0[1-9]|1[0-9]|20$"
                                    }
                                }
                            }
                        },
                        {
                            "if" : {
                                "properties" : {
                                    "departamento" : {
                                        "const" : "13"
                                    }
                                }
                            },
                            "then" : {
                                "properties" : {
                                    "municipio" : {
                                        "pattern" : "^0[1-9]|1[0-9]|2[0-6]$"
                                    }
                                }
                            }
                        },
                        {
                            "if" : {
                                "properties" : {
                                    "departamento" : {
                                        "const" : "14"
                                    }
                                }
                            },
                            "then" : {
                                "properties" : {
                                    "municipio" : {
                                        "pattern" : "^0[1-9]|1[0-8]$"
                                    }
                                }
                            }
                        }
                    ],
                    "additionalProperties" : false,
                    "required" : [
                        "departamento",
                        "municipio",
                        "complemento"
                    ]
                },
                "telefono" : {
                    "type" : [
                        "string",
                        "null"
                    ],
                    "description" : "Teléfono (Receptor)",
                    "minLength" : 8,
                    "maxLength" : 30
                },
                "correo" : {
                    "type" : [
                        "string",
                        "null"
                    ],
                    "description" : "Correo electrónico (Receptor)",
                    "format" : "email",
                    "maxLength" : 100
                }
            },
            "allOf" : [
                {
                    "if" : {
                        "properties" : {
                            "tipoDocumento" : {
                                "const" : "36"
                            }
                        }
                    },
                    "then" : {
                        "properties" : {
                            "numDocumento" : {
                                "pattern" : "^([0-9]{14}|[0-9]{9})$"
                            },
                            "nrc" : {
                                "type" : [
                                    "string",
                                    "null"
                                ]
                            }
                        }
                    }
                },
                {
                    "if" : {
                        "properties" : {
                            "tipoDocumento" : {
                                "const" : "13"
                            }
                        }
                    },
                    "then" : {
                        "properties" : {
                            "numDocumento" : {
                                "pattern" : "^[0-9]{9}$"
                            }
                        }
                    }
                }
            ],
            "additionalProperties" : false,
            "required" : [
                "tipoDocumento",
                "numDocumento",
                "nombre",
                "codActividad",
                "descActividad",
                "direccion",
                "telefono",
                "correo"
            ]
        },
        "cuerpoDocumento" : {
            "type" : "array",
            "description" : "Cuerpo del Documento",
            "items" : {
                "type" : "object",
                "properties" : {
                    "numItem" : {
                        "type" : "integer",
                        "description" : "N° ítem",
                        "minimum" : 1,
                        "maximum" : 2000
                    },
                    "tipoItem" : {
                        "type" : "integer",
                        "description" : "Tipo de ítem",
                        "enum" : [
                            1,
                            2,
                            3
                        ]
                    },
                    "cantidad" : {
                        "type" : "number",
                        "description" : "Cantidad",
                        "exclusiveMaximum" : 100000000000,
                        "exclusiveMinimum" : 0,
                        "multipleOf" : 0.00000001
                    },
                    "codigo" : {
                        "description" : "Código",
                        "type" : [
                            "string",
                            "null"
                        ],
                        "maxLength" : 25,
                        "minLength" : 1
                    },
                    "uniMedida" : {
                        "type" : "integer",
                        "description" : "Unidad de Medida",
                        "enum" : [
                            1,
                            2,
                            3,
                            4,
                            5,
                            6,
                            8,
                            9,
                            10,
                            11,
                            12,
                            13,
                            14,
                            15,
                            16,
                            17,
                            18,
                            19,
                            20,
                            21,
                            22,
                            23,
                            24,
                            25,
                            26,
                            27,
                            29,
                            30,
                            31,
                            32,
                            33,
                            34,
                            35,
                            36,
                            37,
                            38,
                            39,
                            40,
                            42,
                            43,
                            44,
                            45,
                            46,
                            47,
                            49,
                            50,
                            51,
                            52,
                            53,
                            54,
                            55,
                            56,
                            57,
                            58,
                            59,
                            99
                        ]
                    },
                    "descripcion" : {
                        "type" : "string",
                        "description" : "Descripción",
                        "maxLength" : 1000
                    },
                    "precioUni" : {
                        "type" : "number",
                        "description" : "Precio Unitario",
                        "exclusiveMaximum" : 100000000000,
                        "minimum" : 0,
                        "multipleOf" : 0.00000001
                    },
                    "montoDescu" : {
                        "type" : "number",
                        "description" : "Descuento, Bonificación, Rebajas por ítem",
                        "minimum" : 0,
                        "exclusiveMaximum" : 100000000000,
                        "multipleOf" : 0.00000001
                    },
                    "compra" : {
                        "type" : "number",
                        "description" : "Ventas",
                        "minimum" : 0,
                        "exclusiveMaximum" : 100000000000,
                        "multipleOf" : 0.00000001
                    }
                },
                "additionalProperties" : false,
                "required" : [
                    "numItem",
                    "tipoItem",
                    "cantidad",
                    "codigo",
                    "uniMedida",
                    "descripcion",
                    "precioUni",
                    "montoDescu",
                    "compra"
                ]
            },
            "minItems" : 1,
            "maxItems" : 2000
        },
        "resumen" : {
            "type" : "object",
            "description" : "Resumen",
            "properties" : {
                "totalCompra" : {
                    "type" : "number",
                    "description" : "Total de Operaciones",
                    "minimum" : 0,
                    "exclusiveMaximum" : 100000000000,
                    "multipleOf" : 0.01
                },
                "descu" : {
                    "type" : "number",
                    "description" : "Monto global de Descuento, Bonificación, Rebajas y otros al total de operaciones.",
                    "minimum" : 0,
                    "exclusiveMaximum" : 100000000000,
                    "multipleOf" : 0.01
                },
                "totalDescu" : {
                    "type" : [
                        "number",
                        "null"
                    ],
                    "description" : "Total del monto de Descuento, Bonificación, Rebajas",
                    "minimum" : 0,
                    "exclusiveMaximum" : 100000000000,
                    "multipleOf" : 0.01
                },
                "subTotal" : {
                    "type" : "number",
                    "description" : "Sub-Total",
                    "minimum" : 0,
                    "exclusiveMaximum" : 100000000000,
                    "multipleOf" : 0.01
                },
                "ivaRete1" : {
                    "type" : "number",
                    "description" : "IVA Retenido",
                    "minimum" : 0,
                    "exclusiveMaximum" : 100000000000,
                    "multipleOf" : 0.01
                },
                "reteRenta" : {
                    "type" : "number",
                    "description" : "Retención Renta",
                    "minimum" : 0,
                    "exclusiveMaximum" : 100000000000,
                    "multipleOf" : 0.01
                },
                "totalPagar" : {
                    "type" : "number",
                    "description" : "Total a Pagar",
                    "minimum" : 0,
                    "exclusiveMaximum" : 100000000000,
                    "multipleOf" : 0.01
                },
                "totalLetras" : {
                    "type" : "string",
                    "description" : "Total en Letras",
                    "maxLength" : 200
                },
                "condicionOperacion" : {
                    "type" : "number",
                    "description" : "Condición de la Operación",
                    "enum" : [
                        1,
                        2,
                        3
                    ]
                },
                "pagos" : {
                    "description" : "Pagos",
                    "type" : [
                        "array",
                        "null"
                    ],
                    "items" : {
                        "type" : "object",
                        "properties" : {
                            "codigo" : {
                                "type" : "string",
                                "description" : "Código de forma de pago",
                                "maxLength" : 2,
                                "pattern" : "^(0[1-9]||1[0-4]||99)$"
                            },
                            "montoPago" : {
                                "type" : "number",
                                "description" : "Monto por forma de pago",
                                "minimum" : 0,
                                "exclusiveMaximum" : 100000000000,
                                "multipleOf" : 0.01
                            },
                            "referencia" : {
                                "type" : [
                                    "string",
                                    "null"
                                ],
                                "description" : "Referencia de modalidad de pago",
                                "maxLength" : 50
                            },
                            "plazo" : {
                                "description" : "Plazo",
                                "type" : [
                                    "string",
                                    "null"
                                ],
                                "enum" : [
                                    null,
                                    "01",
                                    "02",
                                    "03"
                                ],
                                "pattern" : "^0[1-3]$"
                            },
                            "periodo" : {
                                "description" : "Período de plazo",
                                "type" : [
                                    "number",
                                    "null"
                                ]
                            }
                        },
                        "additionalProperties" : false,
                        "required" : [
                            "codigo",
                            "montoPago",
                            "referencia",
                            "plazo",
                            "periodo"
                        ]
                    },
                    "minItems" : 1
                },
                "observaciones":{
                    "description":"Observaciones",
                    "type":[
                        "string",
                        "null"
                    ],
                    "maxLength":3000
                }
            },
            "allOf" : [
                {
                    "if" : {
                        "properties" : {
                            "condicionOperacion" : {
                                "enum" : [
                                    2
                                ]
                            }
                        }
                    },
                    "then" : {
                        "properties" : {
                            "pagos" : {
                                "items" : {
                                    "properties" : {
                                        "plazo" : {
                                            "type" : "string"
                                        },
                                        "periodo" : {
                                            "type" : "number"
                                        }
                                    }
                                }
                            }
                        }
                    }
                }
            ],
            "additionalProperties" : false,
            "required" : [
                "totalCompra",
                "descu",
                "totalDescu",
                "subTotal",
                "ivaRete1",
                "reteRenta",
                "totalPagar",
                "totalLetras",
                "condicionOperacion",
                "pagos",
                "observaciones"
            ]
        },
        "apendice" : {
            "description" : "Apéndice",
            "type" : [
                "array",
                "null"
            ],
            "items" : {
                "type" : "object",
                "properties" : {
                    "campo" : {
                        "type" : "string",
                        "description" : "Nombre del campo",
                        "maxLength" : 25
                    },
                    "etiqueta" : {
                        "type" : "string",
                        "description" : "Descripción",
                        "maxLength" : 50
                    },
                    "valor" : {
                        "type" : "string",
                        "description" : "Valor/Dato",
                        "maxLength" : 150
                    }
                },
                "additionalProperties" : false,
                "required" : [
                    "campo",
                    "etiqueta",
                    "valor"
                ]
            },
            "minItems" : 1,
            "maxItems" : 10
        }
    },
    "additionalProperties" : false,
    "required" : [
        "identificacion",
        "emisor",
        "sujetoExcluido",
        "cuerpoDocumento",
        "resumen",
        "apendice"
    ]
}