﻿<?xml version="1.0" encoding="utf-8"?>
<deployment>
  <id>72eeb477-cadf-4c41-8191-d5eebfb56f51</id>
  <author>N/A</author>
  <deployer>Push-Deployer</deployer>
  <authorEmail>N/A</authorEmail>
  <message>Created via a push deployment</message>
  <progress></progress>
  <status>Success</status>
  <statusText></statusText>
  <lastSuccessEndTime>2026-01-23T14:09:34.3738424Z</lastSuccessEndTime>
  <receivedTime>2026-01-23T14:08:15.6522802Z</receivedTime>
  <startTime>2026-01-23T14:08:17.1475739Z</startTime>
  <endTime>2026-01-23T14:09:34.3738424Z</endTime>
  <complete>True</complete>
  <is_temp>False</is_temp>
  <is_readonly>True</is_readonly>
  <buildSummary />
</deployment>