﻿<?xml version="1.0" encoding="utf-8"?>
<deployment>
  <id>eb910f3b-1f55-40cc-b937-c03c918fa6ac</id>
  <author>N/A</author>
  <deployer>Push-Deployer</deployer>
  <authorEmail>N/A</authorEmail>
  <message>Created via a push deployment</message>
  <progress></progress>
  <status>Failed</status>
  <statusText>Deployment has been stopped due to SCM container restart. The restart can happen due to a management operation on site. Do not perform a management operation and a deployment operation in quick succession. Adding a small delay can help avoid any conflicts.</statusText>
  <lastSuccessEndTime />
  <receivedTime>2026-02-07T21:15:50.9813977Z</receivedTime>
  <startTime>2026-02-07T21:15:52.4091354Z</startTime>
  <endTime>2026-02-07T21:48:51.1846459Z</endTime>
  <complete>True</complete>
  <is_temp>False</is_temp>
  <is_readonly>True</is_readonly>
  <buildSummary />
</deployment>