<step title="Incoming Request" date="2026-02-07T21:15:02.015" instance="f4a024" url="/api/zipdeploy?isAsync=true" method="POST" type="request" pid="770,1,21" Accept="*/*" Host="facturador-web-sv-chayeth5a0h2abcf.scm.eastus2-01.azurewebsites.net" User-Agent="AZURECLI/2.77.0 (DEB)" Accept-Encoding="gzip, deflate" Authorization="Bea..." Cache-Control="no-cache" Content-Type="application/octet-stream" Content-Length="25890729" x-ms-client-request-id="0e22030c-046a-11f1-9a10-93a8e71ee06c" x-ms-artifact-checksum="f75b2ac77e5f05d2177d35f1465b2c7a0cd12e10c049982e82ac0ae251d5ada6" X-ARR-LOG-ID="0e22030c-046a-11f1-9a10-93a8e71ee06c" CLIENT-IP="190.53.0.180:49370" X-SITE-DEPLOYMENT-ID="facturador-web-sv" WAS-DEFAULT-HOSTNAME="facturador-web-sv-chayeth5a0h2abcf.scm.eastus2-01.azurewebsites.net" X-Forwarded-Proto="https" X-AppService-Proto="https" X-Forwarded-TlsVersion="1.3" X-WAWS-Unencoded-URL="/api/zipdeploy?isAsync=true" X-Client-IP="190.53.0.180" X-Client-Port="49370" >
  <step title="Cleanup Xml Logs" date="2026-02-07T21:15:03.088" /><!-- duration: 159ms -->
  <step title="ZipPushDeploy" date="2026-02-07T21:15:06.778" >
    <step title="ZipDeploy. Extract zip." date="2026-02-07T21:15:07.025" /><!-- duration: 28ms -->
    <step title="None repository commit" date="2026-02-07T21:15:07.122" >
      <step title="Commit id: eb910f3b-1f55-40cc-b937-c03c918fa6ac" date="2026-02-07T21:15:07.152" Message="N/A" AuthorName="N/A" AuthorEmail="N/A" /><!-- duration: 17ms -->
    </step><!-- duration: 68ms -->
    <step title="Starting PushDeployAsync" date="2026-02-07T21:15:07.288" /><!-- duration: 19ms -->
    <step title="Writing artifact to /tmp/zipdeploy/90717761-b2f4-4167-b424-dc96b9374864.zip" date="2026-02-07T21:15:07.538" >
      <step title="Writing multipart request body to /tmp/zipdeploy/90717761-b2f4-4167-b424-dc96b9374864.zip" date="2026-02-07T21:15:07.695" /><!-- duration: 48ms -->
    </step><!-- duration: 12675ms -->
    <step title="Start deployment in the background" date="2026-02-07T21:15:20.301" >
      <step title="Acquiring Deployment Lock" date="2026-02-07T21:15:20.576" /><!-- duration: 37ms -->
      <step title="Acquired Deployment Lock" date="2026-02-07T21:15:21.309" /><!-- duration: 39ms -->
    </step><!-- duration: 1700ms -->
  </step><!-- duration: 15348ms -->
  <step title="Outgoing response" date="2026-02-07T21:15:22.184" type="response" statusCode="202" statusText="Accepted" /><!-- duration: 106ms -->
</step><!-- duration: 20288ms -->
