<step title="BackgroundTrace" date="2026-02-07T21:39:44.380" instance="f4a024" url="/api/zipdeploy" method="POST" >
  <step title="Creating temporary deployment - FetchDeploymentManager" date="2026-02-07T21:39:44.666" /><!-- duration: 19ms -->
  <step title="Creating temporary deployment" date="2026-02-07T21:39:44.705" /><!-- duration: 225ms -->
  <step title="Performing fetch based deployment" date="2026-02-07T21:39:45.105" >
    <step title="Cleaning up temp folders from previous zip deployments and extracting pushed zip file /tmp/zipdeploy/6256357f-ea10-4494-8a92-9ee99ae4041b.zip (2.04 MB) to /tmp/zipdeploy/extracted" date="2026-02-07T21:39:46.313" >
      <step title="ChmodRecursive Process exited with total time taken in ms: 255" date="2026-02-07T21:39:47.279" /><!-- duration: 9ms -->
    </step><!-- duration: 982ms -->
    <step title="Deployment timer started" date="2026-02-07T21:39:49.326" >
      <step title="DeploymentManager.Deploy(id:8bcc25d8-6d60-4517-a19f-88df26cec1b6)" date="2026-02-07T21:39:49.336" >
        <step title="Collecting changeset information" date="2026-02-07T21:39:49.395" /><!-- duration: 175ms -->
        <step title="Updating submodules" date="2026-02-07T21:39:49.576" /><!-- duration: 1123ms -->
        <step title="Determining deployment builder" date="2026-02-07T21:39:50.946" >
          <step title="Builder is BasicBuilder" date="2026-02-07T21:39:50.969" /><!-- duration: 10ms -->
        </step><!-- duration: 43ms -->
        <step title="PreDeployment: context.CleanOutputPath False" date="2026-02-07T21:39:51.050" >
          <step title="PreDeployment: context.OutputPath /home/site/wwwroot" date="2026-02-07T21:39:51.184" >
            <step title="Building" date="2026-02-07T21:39:51.346" >
              <step title="Executing external process" date="2026-02-07T21:39:51.662" type="process" path="starter.sh" arguments="/opt/Kudu/Scripts/parallel_rsync.sh /tmp/zipdeploy/extracted /home/site/wwwroot 8 /tmp/ False True  " /><!-- duration: 25870ms -->
              <step title="Triggering recycle (preview mode disabled)." date="2026-02-07T21:40:17.846" /><!-- duration: 4ms -->
              <step title="Modified file to trigger a restart of the app container." date="2026-02-07T21:40:17.921" /><!-- duration: 12ms -->
              <step title="Skip function trigger and logicapp sync because function is not enabled." date="2026-02-07T21:40:17.950" /><!-- duration: 10ms -->
              <step title="Purge deployment items" date="2026-02-07T21:40:18.709" >
                <step title="Remove temp-10e4, Pending, received at 02/07/2026 21:39:44" date="2026-02-07T21:40:18.757" /><!-- duration: 2ms -->
                <step title="Remove temp-a65b, Failed, received at 02/07/2026 21:15:21" date="2026-02-07T21:40:18.812" /><!-- duration: 3ms -->
              </step><!-- duration: 110ms -->
            </step><!-- duration: 27556ms -->
          </step><!-- duration: 27738ms -->
          <step title="Cleaning up temp files" date="2026-02-07T21:40:18.926" /><!-- duration: 5ms -->
          <step title="Cleaning up temp files" date="2026-02-07T21:40:18.933" /><!-- duration: 509ms -->
          <step title="Reloading status file with latest updates" date="2026-02-07T21:40:19.471" >
            <step title="WebHooksManager.PublishEventAsync: PostDeployment" date="2026-02-07T21:40:19.477" /><!-- duration: 181ms -->
          </step><!-- duration: 191ms -->
          <step title="Cleaning up temporary deployment - fetch deployment was successful" date="2026-02-07T21:40:19.669" /><!-- duration: 3ms -->
        </step><!-- duration: 28668ms -->
      </step><!-- duration: 30407ms -->
