<step title="Incoming Request" date="2026-02-07T21:39:43.741" instance="f4a024" url="/api/zipdeploy?isAsync=true" method="POST" type="request" pid="772,1,18" Accept="*/*" Host="facturador-web-sv-chayeth5a0h2abcf.scm.eastus2-01.azurewebsites.net" User-Agent="AZURECLI/2.77.0 (DEB)" Accept-Encoding="gzip, deflate" Authorization="Bea..." Cache-Control="no-cache" Content-Type="application/octet-stream" Content-Length="2140908" x-ms-client-request-id="813896fa-046d-11f1-9a10-93a8e71ee06c" x-ms-artifact-checksum="8f2a4b7298a9823f3f28804ab902c5dcff8407ec7ef73b60a8df995727d8bb49" X-ARR-LOG-ID="813896fa-046d-11f1-9a10-93a8e71ee06c" CLIENT-IP="190.53.0.180:49320" X-SITE-DEPLOYMENT-ID="facturador-web-sv" WAS-DEFAULT-HOSTNAME="facturador-web-sv-chayeth5a0h2abcf.scm.eastus2-01.azurewebsites.net" X-Forwarded-Proto="https" X-AppService-Proto="https" X-Forwarded-TlsVersion="1.3" X-WAWS-Unencoded-URL="/api/zipdeploy?isAsync=true" X-Client-IP="190.53.0.180" X-Client-Port="49320" >
  <step title="Cleanup Xml Logs" date="2026-02-07T21:39:43.750" /><!-- duration: 14ms -->
  <step title="ZipPushDeploy" date="2026-02-07T21:39:43.998" >
    <step title="ZipDeploy. Extract zip." date="2026-02-07T21:39:44.042" /><!-- duration: 2ms -->
    <step title="None repository commit" date="2026-02-07T21:39:44.058" >
      <step title="Commit id: 8bcc25d8-6d60-4517-a19f-88df26cec1b6" date="2026-02-07T21:39:44.061" Message="N/A" AuthorName="N/A" AuthorEmail="N/A" /><!-- duration: 2ms -->
    </step><!-- duration: 7ms -->
    <step title="Starting PushDeployAsync" date="2026-02-07T21:39:44.069" /><!-- duration: 3ms -->
    <step title="Writing artifact to /tmp/zipdeploy/6256357f-ea10-4494-8a92-9ee99ae4041b.zip" date="2026-02-07T21:39:44.118" >
      <step title="Writing multipart request body to /tmp/zipdeploy/6256357f-ea10-4494-8a92-9ee99ae4041b.zip" date="2026-02-07T21:39:44.127" /><!-- duration: 18ms -->
    </step><!-- duration: 226ms -->
    <step title="Start deployment in the background" date="2026-02-07T21:39:44.370" >
      <step title="Acquiring Deployment Lock" date="2026-02-07T21:39:44.401" /><!-- duration: 9ms -->
      <step title="Acquired Deployment Lock" date="2026-02-07T21:39:44.608" /><!-- duration: 36ms -->
    </step><!-- duration: 581ms -->
  </step><!-- duration: 1000ms -->
  <step title="Outgoing response" date="2026-02-07T21:39:45.051" type="response" statusCode="202" statusText="Accepted" /><!-- duration: 13ms -->
</step><!-- duration: 1340ms -->
