<step title="BackgroundTrace" date="2026-02-07T21:15:20.322" instance="f4a024" url="/api/zipdeploy" method="POST" >
  <step title="Cleanup Xml Logs" date="2026-02-07T21:15:20.382" /><!-- duration: 26ms -->
  <step title="Creating temporary deployment - FetchDeploymentManager" date="2026-02-07T21:15:21.398" /><!-- duration: 30ms -->
  <step title="Creating temporary deployment" date="2026-02-07T21:15:21.487" /><!-- duration: 473ms -->
  <step title="Performing fetch based deployment" date="2026-02-07T21:15:22.506" >
    <step title="Cleaning up temp folders from previous zip deployments and extracting pushed zip file /tmp/zipdeploy/90717761-b2f4-4167-b424-dc96b9374864.zip (24.69 MB) to /tmp/zipdeploy/extracted" date="2026-02-07T21:15:24.066" >
      <step title="ChmodRecursive Process exited with total time taken in ms: 99" date="2026-02-07T21:15:48.713" /><!-- duration: 9ms -->
    </step><!-- duration: 24666ms -->
    <step title="Deployment timer started" date="2026-02-07T21:15:50.795" >
      <step title="DeploymentManager.Deploy(id:eb910f3b-1f55-40cc-b937-c03c918fa6ac)" date="2026-02-07T21:15:50.806" >
        <step title="Collecting changeset information" date="2026-02-07T21:15:50.930" /><!-- duration: 134ms -->
        <step title="Updating submodules" date="2026-02-07T21:15:51.070" /><!-- duration: 1163ms -->
        <step title="Determining deployment builder" date="2026-02-07T21:15:52.465" >
          <step title="Builder is BasicBuilder" date="2026-02-07T21:15:52.532" /><!-- duration: 10ms -->
        </step><!-- duration: 96ms -->
        <step title="PreDeployment: context.CleanOutputPath False" date="2026-02-07T21:15:52.889" >
          <step title="PreDeployment: context.OutputPath /home/site/wwwroot" date="2026-02-07T21:15:53.008" >
            <step title="Building" date="2026-02-07T21:15:53.156" >
              <step title="Executing external process" date="2026-02-07T21:15:53.487" type="process" path="starter.sh" arguments="/opt/Kudu/Scripts/parallel_rsync.sh /tmp/zipdeploy/extracted /home/site/wwwroot 8 /tmp/ False True  " 