﻿<?xml version="1.0" encoding="utf-8"?>
<deployment>
  <id>8bcc25d8-6d60-4517-a19f-88df26cec1b6</id>
  <author>N/A</author>
  <deployer>Push-Deployer</deployer>
  <authorEmail>N/A</authorEmail>
  <message>Created via a push deployment</message>
  <progress></progress>
  <status>Success</status>
  <statusText></statusText>
  <lastSuccessEndTime>2026-02-07T21:40:18.3453662Z</lastSuccessEndTime>
  <receivedTime>2026-02-07T21:39:49.4976704Z</receivedTime>
  <startTime>2026-02-07T21:39:50.8887661Z</startTime>
  <endTime>2026-02-07T21:40:18.3453662Z</endTime>
  <complete>True</complete>
  <is_temp>False</is_temp>
  <is_readonly>True</is_readonly>
  <buildSummary />
</deployment>