﻿<?xml version="1.0" encoding="utf-8"?>
<deployment>
  <id>b70c483d-e084-4fc4-b707-9d61764b54cf</id>
  <author>N/A</author>
  <deployer>Push-Deployer</deployer>
  <authorEmail>N/A</authorEmail>
  <message>Created via a push deployment</message>
  <progress></progress>
  <status>Success</status>
  <statusText></statusText>
  <lastSuccessEndTime>2026-01-23T13:55:54.8368393Z</lastSuccessEndTime>
  <receivedTime>2026-01-23T13:53:59.6784307Z</receivedTime>
  <startTime>2026-01-23T13:54:01.8088361Z</startTime>
  <endTime>2026-01-23T13:55:54.8368393Z</endTime>
  <complete>True</complete>
  <is_temp>False</is_temp>
  <is_readonly>True</is_readonly>
  <buildSummary />
</deployment>