﻿<?xml version="1.0" encoding="utf-8"?>
<deployment>
  <id>5f0e4273-7c5c-4ce5-891f-51ba51470576</id>
  <author>N/A</author>
  <deployer>Push-Deployer</deployer>
  <authorEmail>N/A</authorEmail>
  <message>Created via a push deployment</message>
  <progress></progress>
  <status>Success</status>
  <statusText></statusText>
  <lastSuccessEndTime>2026-01-23T14:31:54.6791814Z</lastSuccessEndTime>
  <receivedTime>2026-01-23T14:29:36.4838195Z</receivedTime>
  <startTime>2026-01-23T14:29:38.4347523Z</startTime>
  <endTime>2026-01-23T14:31:54.6791814Z</endTime>
  <complete>True</complete>
  <is_temp>False</is_temp>
  <is_readonly>True</is_readonly>
  <buildSummary />
</deployment>