<step title="Incoming Request" date="2026-01-23T13:53:40.466" instance="f4a024" url="/api/zipdeploy?isAsync=true" method="POST" type="request" pid="770,1,5" Accept="*/*" Host="facturador-web-sv-chayeth5a0h2abcf.scm.eastus2-01.azurewebsites.net" User-Agent="AZURECLI/2.77.0 (DEB)" Accept-Encoding="gzip, deflate" Authorization="Bea..." Cache-Control="no-cache" Content-Type="application/octet-stream" Content-Length="43863705" x-ms-client-request-id="dafa5abe-f862-11f0-8a8e-3b651af539bf" x-ms-artifact-checksum="229e27b076191b9b2c5f798d848b04efd8d833fa24b3e515ee98837cebf8f2b7" X-ARR-LOG-ID="dafa5abe-f862-11f0-8a8e-3b651af539bf" CLIENT-IP="45.170.28.194:64432" X-SITE-DEPLOYMENT-ID="facturador-web-sv" WAS-DEFAULT-HOSTNAME="facturador-web-sv-chayeth5a0h2abcf.scm.eastus2-01.azurewebsites.net" X-Forwarded-Proto="https" X-AppService-Proto="https" X-Forwarded-TlsVersion="1.3" X-WAWS-Unencoded-URL="/api/zipdeploy?isAsync=true" X-Client-IP="45.170.28.194" X-Client-Port="64432" >
  <step title="ZipPushDeploy" date="2026-01-23T13:53:41.870" >
    <step title="ZipDeploy. Extract zip." date="2026-01-23T13:53:41.921" /><!-- duration: 7ms -->
    <step title="None repository commit" date="2026-01-23T13:53:41.975" >
      <step title="Commit id: b70c483d-e084-4fc4-b707-9d61764b54cf" date="2026-01-23T13:53:41.980" Message="N/A" AuthorName="N/A" AuthorEmail="N/A" /><!-- duration: 6ms -->
    </step><!-- duration: 14ms -->
    <step title="Starting PushDeployAsync" date="2026-01-23T13:53:41.994" /><!-- duration: 3ms -->
    <step title="Writing artifact to /tmp/zipdeploy/4c8b006a-4c19-4a9d-8aac-e82e679e32e7.zip" date="2026-01-23T13:53:42.034" >
      <step title="Writing multipart request body to /tmp/zipdeploy/4c8b006a-4c19-4a9d-8aac-e82e679e32e7.zip" date="2026-01-23T13:53:42.038" /><!-- duration: 16ms -->
    </step><!-- duration: 6888ms -->
    <step title="Start deployment in the background" date="2026-01-23T13:53:48.944" >
      <step title="Acquiring Deployment Lock" date="2026-01-23T13:53:48.992" /><!-- duration: 9ms -->
      <step title="Acquired Deployment Lock" date="2026-01-23T13:53:49.056" /><!-- duration: 3ms -->
    </step><!-- duration: 241ms -->
  </step><!-- duration: 7326ms -->
  <step title="Outgoing response" date="2026-01-23T13:53:49.219" type="response" statusCode="202" statusText="Accepted" /><!-- duration: 8ms -->
</step><!-- duration: 8765ms -->
