<step title="Incoming Request" date="2026-01-23T14:07:50.557" instance="f4a024" url="/api/zipdeploy?isAsync=true" method="POST" type="request" pid="770,1,3" Accept="*/*" Host="facturador-web-sv-chayeth5a0h2abcf.scm.eastus2-01.azurewebsites.net" User-Agent="AZURECLI/2.77.0 (DEB)" Accept-Encoding="gzip, deflate" Authorization="Bea..." Cache-Control="no-cache" Content-Type="application/octet-stream" Content-Length="43865038" x-ms-client-request-id="e4377ba0-f864-11f0-8a8e-3b651af539bf" x-ms-artifact-checksum="9d5e0c92e2bfc5695296d3cf8d8656e16a1ab4f8e2b93f7aba91a89028698cf6" X-ARR-LOG-ID="e4377ba0-f864-11f0-8a8e-3b651af539bf" CLIENT-IP="45.170.28.194:64358" X-SITE-DEPLOYMENT-ID="facturador-web-sv" WAS-DEFAULT-HOSTNAME="facturador-web-sv-chayeth5a0h2abcf.scm.eastus2-01.azurewebsites.net" X-Forwarded-Proto="https" X-AppService-Proto="https" X-Forwarded-TlsVersion="1.3" X-WAWS-Unencoded-URL="/api/zipdeploy?isAsync=true" X-Client-IP="45.170.28.194" X-Client-Port="64358" >
  <step title="Cleanup Xml Logs" date="2026-01-23T14:07:50.590" /><!-- duration: 11ms -->
  <step title="ZipPushDeploy" date="2026-01-23T14:07:50.727" >
    <step title="ZipDeploy. Extract zip." date="2026-01-23T14:07:50.748" /><!-- duration: 6ms -->
    <step title="Starting PushDeployAsync" date="2026-01-23T14:07:50.760" /><!-- duration: 5ms -->
    <step title="Writing artifact to /tmp/zipdeploy/601b5ecc-4053-4cb5-aca7-55588a12acca.zip" date="2026-01-23T14:07:50.808" >
      <step title="Writing multipart request body to /tmp/zipdeploy/601b5ecc-4053-4cb5-aca7-55588a12acca.zip" date="2026-01-23T14:07:50.813" /><!-- duration: 4ms -->
    </step><!-- duration: 9797ms -->
    <step title="Start deployment in the background" date="2026-01-23T14:08:00.627" >
      <step title="Acquiring Deployment Lock" date="2026-01-23T14:08:00.673" /><!-- duration: 10ms -->
      <step title="Acquired Deployment Lock" date="2026-01-23T14:08:00.748" /><!-- duration: 4ms -->
    </step><!-- duration: 256ms -->
  </step><!-- duration: 10188ms -->
  <step title="Outgoing response" date="2026-01-23T14:08:00.934" type="response" statusCode="202" statusText="Accepted" /><!-- duration: 20ms -->
</step><!-- duration: 10408ms -->
