<step title="Incoming Request" date="2026-01-23T14:29:15.973" instance="f4a024" url="/api/zipdeploy?isAsync=true" method="POST" type="request" pid="770,1,34" Accept="*/*" Host="facturador-web-sv-chayeth5a0h2abcf.scm.eastus2-01.azurewebsites.net" User-Agent="AZURECLI/2.77.0 (DEB)" Accept-Encoding="gzip, deflate" Authorization="Bea..." Cache-Control="no-cache" Content-Type="application/octet-stream" Content-Length="40169294" x-ms-client-request-id="e28c97ba-f867-11f0-8a8e-3b651af539bf" x-ms-artifact-checksum="60f5c6d9c9e6494afe6743580ac2e6e82ee48036b75447dface0991c5e29e6c9" X-ARR-LOG-ID="e28c97ba-f867-11f0-8a8e-3b651af539bf" CLIENT-IP="45.170.28.194:64352" X-SITE-DEPLOYMENT-ID="facturador-web-sv" WAS-DEFAULT-HOSTNAME="facturador-web-sv-chayeth5a0h2abcf.scm.eastus2-01.azurewebsites.net" X-Forwarded-Proto="https" X-AppService-Proto="https" X-Forwarded-TlsVersion="1.3" X-WAWS-Unencoded-URL="/api/zipdeploy?isAsync=true" X-Client-IP="45.170.28.194" X-Client-Port="64352" >
  <step title="Cleanup Xml Logs" date="2026-01-23T14:29:15.976" /><!-- duration: 8ms -->
  <step title="ZipPushDeploy" date="2026-01-23T14:29:16.034" >
    <step title="ZipDeploy. Extract zip." date="2026-01-23T14:29:16.051" /><!-- duration: 12ms -->
    <step title="Starting PushDeployAsync" date="2026-01-23T14:29:16.074" /><!-- duration: 7ms -->
    <step title="Writing artifact to /tmp/zipdeploy/94c72c63-cf0c-4301-99d5-bcde97c5eb41.zip" date="2026-01-23T14:29:16.100" >
      <step title="Writing multipart request body to /tmp/zipdeploy/94c72c63-cf0c-4301-99d5-bcde97c5eb41.zip" date="2026-01-23T14:29:16.140" /><!-- duration: 10ms -->
    </step><!-- duration: 10925ms -->
    <step title="Start deployment in the background" date="2026-01-23T14:29:27.036" >
      <step title="Acquiring Deployment Lock" date="2026-01-23T14:29:27.101" /><!-- duration: 5ms -->
      <step title="Acquired Deployment Lock" date="2026-01-23T14:29:27.145" /><!-- duration: 17ms -->
    </step><!-- duration: 249ms -->
  </step><!-- duration: 11265ms -->
  <step title="Outgoing response" date="2026-01-23T14:29:27.302" type="response" statusCode="202" statusText="Accepted" /><!-- duration: 4ms -->
</step><!-- duration: 11337ms -->
